Brand,Product,Shipping
MSI,MSI GeForce GTX 1660 SUPER DirectX 12 GTX 1660 SUPER VENTUS XS OC Video Card,Free Shipping
MSI,MSI GeForce RTX 2060 DirectX 12 RTX 2060 VENTUS XS 6G OC Video Card,Free Shipping
Sapphire Tech,SAPPHIRE PULSE Radeon RX 5600 XT DirectX 12 100419P6GL Video Card,$3.99 Shipping
EVGA,EVGA GeForce GTX 1660 Ti SC ULTRA GAMING| 06G-P4-1667-KR| 6GB GDDR6| Dual Fan| Metal Backplate,Free Shipping
GIGABYTE,GIGABYTE Radeon RX 570 DirectX 12 GV-RX570GAMING-4GD REV2.0 Video Card,$3.99 Shipping
ASUS,ASUS GeForce RTX 2060 Overclocked 6G GDDR6 Dual-Fan EVO Edition Graphics Card (DUAL-RTX2060-O6G-EVO),Free Shipping
ASRock,ASRock Phantom Gaming D Radeon RX 570 DirectX 12 RX570 4G Video Card,$3.99 Shipping
EVGA,EVGA GeForce RTX 2080 Ti XC HYBRID GAMING| 11G-P4-2384-KR| 11GB GDDR6| HYBRID| RGB LED Logo| Metal Backplate,Free Shipping
EVGA,EVGA GeForce RTX 2060 XC GAMING| 6GB GDDR6| HDB Fan Graphics Card 06G-P4-2063-KR,Free Shipping
ASUS,ASUS TUF Gaming GeForce RTX 2060 OC Edition 6GB GDDR6 VR Ready HDMI 2.0b DP 1.4 Auto Extreme Graphics Card (TUF-RTX2060-O6G-GAMING),Free Shipping
GIGABYTE,GIGABYTE Radeon RX 5600 XT DirectX 12 GV-R56XTGAMING OC-6G Video Card,Free Shipping
EVGA,EVGA GeForce RTX 2080 SUPER XC HYBRID GAMING| 08G-P4-3188-KR| 8GB GDDR6| RGB LED Logo| Metal Backplate,Free Shipping
